{
  ".github/workflows/tests.yml": 1776419787.805825,
  ".pytest_cache/README.md": 1776461121.9752443,
  "ADAPTIVE_TRUST_DECEPTION_PLAN.md": 1776440670.6667867,
  "api.py": 1776461024.0770762,
  "api_v2.py": 1776461024.1096413,
  "COMPLETION_SUMMARY.md": 1776419787.8084178,
  "core/__init__.py": 1776440383.1139019,
  "core/api.py": 1776464490.8011143,
  "core/api_models.py": 1776464498.769368,
  "core/api_v2.py": 1776465104.7883227,
  "core/detection_engine.py": 1776440383.116749,
  "core/main.py": 1776440383.1173348,
  "data/datasets/README.md": 1776419787.8317547,
  "data/model_registry/registry.json": 1776465077.752452,
  "demo/__init__.py": 1776440383.1184108,
  "demo/demo_runner.py": 1776419789.6247735,
  "docs/AMBIGUOUS_SESSION_EDGE_CASE.md": 1776448676.636145,
  "docs/INTEGRATION_IMPLEMENTATION_GUIDE.md": 1776464990.2978864,
  "frontend/index.html": 1776419789.6283183,
  "frontend/package.json": 1776419789.6343825,
  "frontend/src/App.jsx": 1776461988.8814127,
  "frontend/src/components/alerts/AlertFeed.jsx": 1776461896.1162827,
  "frontend/src/components/alerts/AlertWorkbench.jsx": 1776461896.1168153,
  "frontend/src/components/alerts/AnalyticsTable.jsx": 1776461896.1183884,
  "frontend/src/components/ml/BatchResult.jsx": 1776461896.119447,
  "frontend/src/components/ml/EndpointMatrix.jsx": 1776461896.12051,
  "frontend/src/components/ml/IngestionResult.jsx": 1776461896.1215549,
  "frontend/src/components/ml/ModelMetricsCard.jsx": 1776461896.123824,
  "frontend/src/components/ml/ModeStatusCard.jsx": 1776461896.122602,
  "frontend/src/components/ml/ScenarioSummary.jsx": 1776461896.1254644,
  "frontend/src/components/ml/SimulationSummary.jsx": 1776461896.126524,
  "frontend/src/components/ml/TrainingResultCard.jsx": 1776461896.1281102,
  "frontend/src/components/sections/BankPortalSandbox.jsx": 1776461896.1296847,
  "frontend/src/components/sections/BankRolePanel.jsx": 1776461896.1312544,
  "frontend/src/components/sections/CompatibilityPanel.jsx": 1776461896.1323445,
  "frontend/src/components/sections/ConnectionGuide.jsx": 1776461896.1333847,
  "frontend/src/components/sections/ConsolePreview.jsx": 1776461896.1344433,
  "frontend/src/components/sections/DeploymentPanel.jsx": 1776461896.1355355,
  "frontend/src/components/sections/LegacyAccessPanel.jsx": 1776461896.1365983,
  "frontend/src/components/sections/SaaSReadinessPanel.jsx": 1776461896.1382186,
  "frontend/src/components/sections/SandboxPanel.jsx": 1776461896.1392834,
  "frontend/src/components/sections/WorkspaceMatrixPanel.jsx": 1776461896.1403265,
  "frontend/src/components/ui/ArchiveList.jsx": 1776461896.1419203,
  "frontend/src/components/ui/Banner.jsx": 1776461896.1429694,
  "frontend/src/components/ui/EmptyState.jsx": 1776461896.143486,
  "frontend/src/components/ui/FeatureCard.jsx": 1776461896.144492,
  "frontend/src/components/ui/HealthCard.jsx": 1776461896.1454928,
  "frontend/src/components/ui/JsonBlock.jsx": 1776461896.1454928,
  "frontend/src/components/ui/Legend.jsx": 1776461896.1470015,
  "frontend/src/components/ui/MetricCard.jsx": 1776461896.1485133,
  "frontend/src/components/ui/ProductSurfaceNav.jsx": 1776461896.150044,
  "frontend/src/components/ui/SignalRibbon.jsx": 1776461896.151049,
  "frontend/src/components/ui/StatTile.jsx": 1776461896.1520572,
  "frontend/src/components/visuals/AttackGraph.jsx": 1776461896.153066,
  "frontend/src/components/visuals/Heatmap.jsx": 1776461896.1536658,
  "frontend/src/components/visuals/HeroRadar.jsx": 1776461896.1536658,
  "frontend/src/components/visuals/SeverityBars.jsx": 1776461896.1551814,
  "frontend/src/components/visuals/SeverityDial.jsx": 1776461896.1559694,
  "frontend/src/components/visuals/TrendChart.jsx": 1776461896.1570504,
  "frontend/src/main.jsx": 1776419789.6416223,
  "frontend/src/styles.css": 1776458342.8775504,
  "frontend/src/utils/constants.js": 1776462042.7161982,
  "frontend/src/utils/helpers.js": 1776461896.160708,
  "frontend/vite.config.js": 1776419789.6465466,
  "IMPLEMENTATION_COMPLETE.md": 1776419787.8109415,
  "main.py": 1776461024.143229,
  "pipeline/__init__.py": 1776440383.1210318,
  "pipeline/alert_fatigue/__init__.py": 1776440383.1210318,
  "pipeline/alert_fatigue/adaptive_threshold.py": 1776419789.6559558,
  "pipeline/analytics.py": 1776419789.658818,
  "pipeline/anomaly_detector.py": 1776464616.4411368,
  "pipeline/attack_graph.py": 1776419789.6645293,
  "pipeline/confidence_fusion.py": 1776419789.6665442,
  "pipeline/config.py": 1776419789.669568,
  "pipeline/config_prod.py": 1776419789.6726766,
  "pipeline/deduplication/__init__.py": 1776440383.1220324,
  "pipeline/detection_engine.py": 1776461024.0412257,
  "pipeline/explainability.py": 1776441813.4138148,
  "pipeline/false_positives/__init__.py": 1776440383.1234846,
  "pipeline/false_positives/false_positive_handler.py": 1776419789.6804676,
  "pipeline/feature_extraction/__init__.py": 1776440383.124502,
  "pipeline/feature_extraction/feature_extractor.py": 1776440383.1255014,
  "pipeline/feature_schema.py": 1776464604.1613097,
  "pipeline/feedback/__init__.py": 1776440383.1270068,
  "pipeline/feedback/feedback_system.py": 1776419789.7126782,
  "pipeline/ingestion/__init__.py": 1776421544.8063478,
  "pipeline/ingestion/event_ingestor.py": 1776419789.7207272,
  "pipeline/llm/__init__.py": 1776440383.1270068,
  "pipeline/llm/soc_assistant.py": 1776419789.7262647,
  "pipeline/logging_enhanced.py": 1776419789.729779,
  "pipeline/mlops/__init__.py": 1776464583.2665012,
  "pipeline/mlops/base_model.py": 1776461224.3051317,
  "pipeline/mlops/dataset_loader.py": 1776419789.7427304,
  "pipeline/mlops/ensemble_classifier.py": 1776464621.8709695,
  "pipeline/mlops/model_evaluator.py": 1776419789.7546842,
  "pipeline/mlops/model_manager.py": 1776464404.7795117,
  "pipeline/mlops/model_registry.py": 1776419789.7588632,
  "pipeline/mlops/neuromorphic_models.py": 1776464611.670302,
  "pipeline/mlops/training_pipeline.py": 1776464393.451865,
  "pipeline/model_factory.py": 1776419789.7659266,
  "pipeline/normalization/event_normalizer.py": 1776419789.7756357,
  "pipeline/playbooks/__init__.py": 1776440383.1290312,
  "pipeline/playbooks/playbook_generator.py": 1776419789.7790225,
  "pipeline/prioritization/__init__.py": 1776440383.1290312,
  "pipeline/sandbox/__init__.py": 1776448609.2794797,
  "pipeline/sandbox/ambiguous_session_handler.py": 1776448132.0552735,
  "pipeline/sandbox/behavior_analyzer.py": 1776441289.939169,
  "pipeline/sandbox/honey_api.py": 1776441270.0914457,
  "pipeline/sandbox/intent_classifier.py": 1776441306.3383646,
  "pipeline/sandbox/sandbox_data_gen.py": 1776441213.325048,
  "pipeline/sandbox/sandbox_router.py": 1776441307.5033686,
  "pipeline/sandbox/session_tracker.py": 1776441212.186637,
  "pipeline/security/auth_manager.py": 1776419789.782557,
  "pipeline/security/encryption.py": 1776419789.8056178,
  "pipeline/security/rbac.py": 1776419789.8081408,
  "pipeline/simulation/__init__.py": 1776440383.130509,
  "pipeline/simulation/attack_simulator.py": 1776448586.7037218,
  "pipeline/simulation/attacker_defender.py": 1776419789.8140619,
  "pipeline/simulation/what_if_analyzer.py": 1776464471.2860992,
  "pipeline/storage/__init__.py": 1776440383.130509,
  "pipeline/storage/jsonl_store.py": 1776419789.8185873,
  "pipeline/temporal_stability.py": 1776461181.7137022,
  "pipeline/threat_classifier.py": 1776464627.8039916,
  "pipeline/trust/__init__.py": 1776441028.2599442,
  "pipeline/trust/behavioral_scorer.py": 1776441053.2569368,
  "pipeline/trust/context_scorer.py": 1776441051.2413256,
  "pipeline/trust/decision_engine.py": 1776441161.4557693,
  "pipeline/trust/intent_signals.py": 1776441113.8161285,
  "pipeline/trust/spike_scorer.py": 1776441111.802913,
  "pipeline/trust/trust_engine.py": 1776441160.2579095,
  "plans/round_1_implementation_plan.md": 1776419789.8283508,
  "PRODUCTION_READINESS_PLAN.md": 1776419787.8131118,
  "pyproject.toml": 1776461024.568003,
  "README.md": 1776465031.1079383,